   53695,   43117,   40389,   24012,   21949,    9218,    4543,    2263,       0,       0,       0,       0
  130472,  105984,   74296,   43829,   34487,   12027,    8268,     537,       0,       0,       0,       0
  149844,  149844,  129483,  100276,   88267,   39146,   18643,    6497,       0,       0,       0,       0
   90195,   77962,   73466,   61811,   51521,   24348,   13153,    5200,       0,       0,       0,       0
   40130,   40130,   29337,   24096,   22613,    9034,    3933,       0,       0,       0,       0,       0
   16127,   16127,   10840,    9135,    9545,    1628,       0,    1219,       0,       0,       0,       0
    4119,    2909,    2792,     700,    1357,       0,       0,       0,       0,       0,       0,       0
    1181,     211,     450,       0,     446,     554,    1181,     828,       0,       0,       0,       0
   58158,   46409,   41293,   26083,   23090,   10645,    4871,    4180,       0,       0,       0,       0
  140996,  110940,   78081,   46951,   35545,   14402,    9733,    1047,       0,       0,       0,       0
  153660,  153660,  129836,  104988,   90966,   43359,   21305,    7605,       0,       0,       0,       0
   88688,   80523,   74148,   64507,   54810,   26999,   14022,    6691,       0,       0,       0,       0
   40162,   40162,   29150,   25353,   22980,   11638,    5104,     315,       0,       0,       0,       0
   16479,   16479,   11288,    9914,    9999,    2611,     370,    1644,       0,       0,       0,       0
    4470,    3475,    2025,    1458,    1006,       0,       0,       0,       0,       0,       0,       0
    2525,      58,     136,     757,    1276,    1180,    2525,    1684,       0,       0,       0,       0
   62148,   50433,   45112,   29955,   24054,   11159,    5849,    2948,       0,       0,       0,       0
  149377,  111855,   81468,   49808,   37429,   15535,   10503,     193,       0,       0,       0,       0
  156454,  156454,  132921,  109299,   94137,   47008,   24716,    7879,       0,       0,       0,       0
   88849,   81420,   76818,   67928,   55520,   29625,   14988,    6167,       0,       0,       0,       0
   40467,   40467,   30259,   26415,   22950,   10821,    5682,      58,       0,       0,       0,       0
   16521,   16521,   11809,   10716,    9598,    2975,    1272,    1377,       0,       0,       0,       0
    3689,    3689,    2226,    1376,       0,       0,       0,       0,       0,       0,       0,       0
    1891,     363,     708,     551,     263,     414,    1891,     662,       0,       0,       0,       0
   65750,   52523,   46793,   30811,   26120,   11923,    5219,    4383,       0,       0,       0,       0
  152894,  115056,   81114,   53424,   39128,   17824,    9324,    2088,       0,       0,       0,       0
  154614,  154614,  134391,  111333,   98295,   49870,   25170,    9092,       0,       0,       0,       0
   90951,   83334,   76316,   67669,   58957,   31489,   16578,    7779,       0,       0,       0,       0
   40128,   40128,   29954,   26904,   25058,   11850,    4348,     908,       0,       0,       0,       0
   17026,   17026,   11528,   10517,    9477,    3880,     912,    2506,       0,       0,       0,       0
    4337,    2780,    1353,    1144,    1541,       0,       0,       0,       0,       0,       0,       0
    1646,      74,       0,       0,       0,     379,     160,    1646,       0,       0,       0,       0
   69576,   57290,   51777,   34254,   28745,   12760,    6137,    4311,       0,       0,       0,       0
  154085,  117568,   87560,   56908,   40521,   19236,   10120,    1258,       0,       0,       0,       0
  159488,  159488,  136814,  113262,  101986,   53408,   26626,    8609,       0,       0,       0,       0
   90342,   85486,   77897,   70515,   59444,   32779,   16082,    7892,       0,       0,       0,       0
   40782,   40782,   30213,   27833,   25456,   12835,    5925,     625,       0,       0,       0,       0
   17779,   17779,   12421,   10250,   11212,    3805,     844,    2162,       0,       0,       0,       0
    4840,    2994,    2054,    1385,    1992,       0,       0,       0,       0,       0,       0,       0
    1464,       0,       0,     532,     911,     383,    1148,    1464,       0,       0,       0,       0
   74038,   60774,   54690,   36752,   29066,   14247,    7253,    4437,       0,       0,       0,       0
  158799,  121843,   88288,   59662,   41068,   20182,   11488,    2017,       0,       0,       0,       0
  164067,  164067,  138910,  118152,  106673,   56731,   29741,    8683,       0,       0,       0,       0
   90724,   84969,   79486,   71600,   61001,   34426,   18607,    8470,       0,       0,       0,       0
   39738,   39410,   31964,   29118,   24854,   14327,    6981,     677,       0,       0,       0,       0
   18559,   18559,   11441,   10840,   11294,    4202,    1948,    1193,       0,       0,       0,       0
    3934,    3176,    2562,    1964,    1018,       0,       0,       0,       0,       0,       0,       0
    1854,       0,      28,     498,      25,    1216,    1854,    1782,       0,       0,       0,       0
   75604,   60777,   60359,   39927,   30899,   12834,    7345,    4007,       0,       0,       0,       0
  158194,  126542,   91239,   61898,   42770,   21267,   12611,    1891,       0,       0,       0,       0
  165251,  165251,  140501,  119817,  108865,   59707,   31846,   10017,       0,       0,       0,       0
   91221,   85092,   81428,   70836,   62952,   37223,   19550,    8935,       0,       0,       0,       0
   39659,   39659,   32360,   29452,   26352,   14693,    7701,     850,       0,       0,       0,       0
   19512,   19512,   11687,   11048,   11127,    4678,    2556,    1555,       0,       0,       0,       0
    3948,    3252,    2900,    1498,    1854,       0,       0,       0,       0,       0,       0,       0
    1297,       0,     877,     348,     700,     556,    1297,     949,       0,       0,       0,       0
   77114,   63491,   61858,   41180,   32002,   14411,    7131,    3706,       0,       0,       0,       0
  164401,  122105,   93006,   64461,   44697,   21452,   13216,    1836,       0,       0,       0,       0
  165883,  165883,  141333,  121685,  110195,   61079,   31457,   11114,       0,       0,       0,       0
   89956,   86146,   80748,   74605,   62551,   37729,   20557,    8883,       0,       0,       0,       0
   39277,   38322,   31169,   30190,   25868,   14515,    7592,    1038,       0,       0,       0,       0
   18601,   18601,   11424,   11541,   10431,    4544,    1879,     925,       0,       0,       0,       0
    3321,    2882,    2728,    1901,    1358,       0,       0,       0,       0,       0,       0,       0
    1066,       0,      79,     379,       0,      98,    1066,     453,       0,       0,       0,       0
   79928,   65190,   64450,   42940,   33556,   14555,    8286,    4110,       0,       0,       0,       0
  168103,  125071,   93779,   63520,   47666,   22450,   14885,    2845,       0,       0,       0,       0
  162915,  162915,  139839,  121395,  112288,   65589,   34863,   11978,       0,       0,       0,       0
   89113,   87607,   80910,   73446,   63760,   39887,   22153,   10404,       0,       0,       0,       0
   40097,   39038,   30800,   29939,   26718,   16055,    8069,    2065,       0,       0,       0,       0
   18143,   18143,   12292,   11705,   10273,    5277,    2937,    1823,       0,       0,       0,       0
    3410,    2829,    2365,    1987,     990,       0,       0,       0,       0,       0,       0,       0
    1725,       0,       0,     395,     263,     619,    1298,    1725,       0,       0,       0,       0
   82140,   68687,   66130,   44527,   33339,   15299,    8798,    6043,       0,       0,       0,       0
  169064,  127544,   95467,   65278,   48851,   23947,   16180,    3303,       0,       0,       0,       0
  165546,  165546,  141255,  121964,  113499,   68476,   35813,   13222,       0,       0,       0,       0
   89893,   89893,   81263,   74166,   65982,   41306,   23321,   11195,       0,       0,       0,       0
   39777,   39192,   30833,   29846,   27426,   16397,    9337,    2870,       0,       0,       0,       0
   18126,   18126,   11855,   11008,   11889,    5884,    3028,    2184,       0,       0,       0,       0
    3792,    3035,    1619,    1097,    1490,       0,       0,       0,       0,       0,       0,       0
    2088,      40,       0,       0,      14,     774,    2088,    1801,       0,       0,       0,       0
   84271,   72460,   67218,   46258,   35892,   16269,    8220,    3891,       0,       0,       0,       0
  172116,  136699,   95196,   67592,   50326,   24767,   15562,    2776,       0,       0,       0,       0
  165958,  165958,  139912,  123430,  114558,   70368,   35682,   12499,       0,       0,       0,       0
   90561,   89870,   82195,   74615,   66893,   41578,   23475,   10436,       0,       0,       0,       0
   40318,   40318,   30608,   31404,   28337,   17222,    8962,    2384,       0,       0,       0,       0
   17490,   17490,   11811,   11746,   12148,    5397,    3070,    1591,       0,       0,       0,       0
    4355,    3596,    2391,    1896,    2311,       0,       0,       0,       0,       0,       0,       0
    2015,     161,     232,     345,     394,     741,    2015,     587,       0,       0,       0,       0
   88797,   73378,   68296,   48437,   36672,   16741,    7970,    5309,       0,       0,       0,       0
  172972,  137838,   96984,   69406,   52459,   26505,   15522,    3544,       0,       0,       0,       0
  164903,  164903,  139761,  126047,  117001,   73290,   35571,   12677,       0,       0,       0,       0
   91116,   89309,   84004,   75381,   67919,   43527,   23716,   10680,       0,       0,       0,       0
   40698,   40698,   30715,   30238,   27883,   16772,    8610,    2402,       0,       0,       0,       0
   17976,   17976,   12519,   12008,   11844,    5943,    2112,    1048,       0,       0,       0,       0
    3867,    2776,    3037,    2024,    1344,       0,       0,       0,       0,       0,       0,       0
     633,     213,     299,     567,       0,     633,     606,     294,       0,       0,       0,       0
   89938,   77436,   73515,   49039,   38185,   18244,    9376,    5733,       0,       0,       0,       0
  171248,  130902,  100148,   72265,   51611,   27002,   17081,    3867,       0,       0,       0,       0
  164973,  164973,  137124,  125693,  119639,   76424,   38443,   14760,       0,       0,       0,       0
   90766,   88550,   82203,   76347,   67507,   44315,   25595,   12138,       0,       0,       0,       0
   41053,   41053,   31546,   29804,   28186,   17642,    9862,    3290,       0,       0,       0,       0
   20012,   20012,   12255,   12028,   11000,    6049,    3473,    1939,       0,       0,       0,       0
    4222,    3250,    2144,    1289,    1707,       0,       0,       0,       0,       0,       0,       0
    2091,     108,     852,     170,       0,       0,    2091,    1455,       0,       0,       0,       0
   93393,   75923,   72866,   51251,   38605,   19011,    9978,    5650,       0,       0,       0,       0
  173329,  128860,  101102,   72791,   53090,   27462,   17748,    4211,       0,       0,       0,       0
  165432,  165432,  140377,  127963,  121142,   78587,   40633,   14870,       0,       0,       0,       0
   91421,   90319,   80498,   76768,   67576,   45127,   25514,   12034,       0,       0,       0,       0
   39155,   38492,   31551,   30627,   27939,   18683,   10473,    2684,       0,       0,       0,       0
   20400,   20400,   10932,   11535,   11253,    6708,    3469,    1104,       0,       0,       0,       0
    3953,    2334,    2065,    1905,    1495,       0,       0,       0,       0,       0,       0,       0
    1508,       0,       0,     193,     227,     394,    1508,    1289,       0,       0,       0,       0
   93070,   78661,   75755,   52166,   39898,   18971,   10343,    7068,       0,       0,       0,       0
  172728,  133210,   99971,   72895,   54099,   28437,   18529,    4184,       0,       0,       0,       0
  163708,  163708,  142353,  127978,  122011,   78775,   43970,   15884,       0,       0,       0,       0
   88619,   88309,   80389,   76934,   69236,   46314,   27624,   13617,       0,       0,       0,       0
   39492,   37902,   32341,   31455,   29164,   17882,   11918,    4233,       0,       0,       0,       0
   20822,   20822,   11115,   12150,   11718,    6130,    3876,    2317,       0,       0,       0,       0
    3191,    1950,    3191,    2070,    2194,       0,       0,       0,       0,       0,       0,       0
    1828,       0,     295,     358,      97,       0,    1726,    1828,       0,       0,       0,       0
   97058,   81243,   77104,   53420,   42929,   20094,    9463,    6209,       0,       0,       0,       0
  172478,  137782,  106191,   72992,   54443,   29833,   17728,    4276,       0,       0,       0,       0
  164298,  164298,  143524,  128551,  123902,   81038,   46020,   15776,       0,       0,       0,       0
   90531,   89016,   80939,   76856,   70764,   48431,   28285,   13764,       0,       0,       0,       0
   39909,   39909,   32640,   30392,   29733,   19940,   11221,    3913,       0,       0,       0,       0
   21792,   21792,   12378,   11394,   13034,    6583,    3280,    1931,       0,       0,       0,       0
    3618,    2957,    3371,    1937,    2308,       0,       0,       0,       0,       0,       0,       0
    1405,     344,     500,       0,     771,    1053,    1405,     827,       0,       0,       0,       0
  100045,   83095,   73848,   54827,   43083,   21595,   10152,    5745,       0,       0,       0,       0
  171201,  139537,  107122,   74935,   55006,   31292,   18319,    4122,       0,       0,       0,       0
  165662,  165662,  144862,  128725,  124838,   83522,   47670,   16565,       0,       0,       0,       0
   90001,   90001,   78953,   77179,   69579,   48642,   28966,   13726,       0,       0,       0,       0
   39746,   39746,   31307,   31450,   29723,   20909,   11183,    2695,       0,       0,       0,       0
   20957,   20957,   11181,   12679,   12799,    7055,    4009,    1025,       0,       0,       0,       0
    4685,    2470,    2967,    1596,    1809,       0,       0,       0,       0,       0,       0,       0
    1347,     374,     369,       0,     295,    1077,    1347,     259,       0,       0,       0,       0
  101870,   86914,   76720,   56655,   44381,   20573,   10981,    6800,       0,       0,       0,       0
  172375,  141788,  110133,   77419,   55443,   31307,   19393,    5042,       0,       0,       0,       0
  164538,  164538,  144533,  130877,  125687,   85399,   49952,   18303,       0,       0,       0,       0
   90056,   88984,   78122,   77791,   69926,   50733,   29958,   14347,       0,       0,       0,       0
   38995,   38980,   30832,   31580,   29289,   20577,   11901,    3971,       0,       0,       0,       0
   19376,   19376,   10903,   11981,   12018,    6732,    4122,    1319,       0,       0,       0,       0
    3932,    3104,    1919,    1776,    1972,       0,       0,       0,       0,       0,       0,       0
    1678,     333,       0,     150,     198,     752,    1678,    1177,       0,       0,       0,       0
  101964,   88268,   81958,   59919,   44541,   22121,   10680,    6635,       0,       0,       0,       0
  170613,  146260,  112646,   77752,   55854,   31670,   19478,    5028,       0,       0,       0,       0
  163784,  163784,  145031,  132198,  127081,   87999,   50015,   16995,       0,       0,       0,       0
   92193,   89206,   79416,   77883,   70686,   51049,   29596,   14819,       0,       0,       0,       0
   39133,   39133,   30351,   32130,   30371,   21155,   12307,    4039,       0,       0,       0,       0
   18975,   18975,   11278,   13009,   11583,    7762,    3501,    1727,       0,       0,       0,       0
    3483,    3300,    2433,    2869,    1746,       0,       0,       0,       0,       0,       0,       0
    1738,       0,     561,    1239,      72,     774,    1738,    1122,       0,       0,       0,       0
  104539,   90158,   87868,   60277,   46888,   23224,   11865,    6624,       0,       0,       0,       0
  170844,  148832,  111544,   78489,   58828,   31979,   19556,    4354,       0,       0,       0,       0
  163800,  163800,  147174,  131024,  127117,   87908,   52252,   17685,       0,       0,       0,       0
   92563,   87106,   80437,   77248,   71645,   52238,   30199,   13903,       0,       0,       0,       0
   39530,   38937,   30928,   32228,   30079,   21838,   12136,    3786,       0,       0,       0,       0
   17057,   17057,   11685,   13049,   12642,    7831,    4153,     511,       0,       0,       0,       0
    4406,    3239,    2521,    2329,    1668,       0,       0,       0,       0,       0,       0,       0
    1191,       0,     409,     683,     290,     481,    1191,     371,       0,       0,       0,       0
  104806,   90127,   86312,   63180,   46286,   23710,   11055,    6843,       0,       0,       0,       0
  174329,  150060,  111660,   79053,   58957,   33327,   19815,    5079,       0,       0,       0,       0
  164371,  164371,  145503,  130953,  128360,   90485,   53424,   18654,       0,       0,       0,       0
   90787,   87817,   78660,   77321,   72044,   52637,   31748,   15809,       0,       0,       0,       0
   40253,   40253,   30617,   32024,   30078,   21590,   13651,    4063,       0,       0,       0,       0
   17520,   17520,   11948,   11257,   12901,    8264,    4198,    1468,       0,       0,       0,       0
    3590,    3244,    2499,     883,    2004,       0,       0,       0,       0,       0,       0,       0
    1232,       0,      78,       0,       0,     743,    1232,    1149,       0,       0,       0,       0
  108248,   93684,   88149,   62711,   48210,   23538,   11121,    7391,       0,       0,       0,       0
  177715,  151754,  111268,   82511,   61303,   34182,   20760,    5335,       0,       0,       0,       0
  166477,  166477,  143494,  132586,  128821,   92209,   55366,   19903,       0,       0,       0,       0
   89122,   89122,   78539,   79058,   72392,   53271,   32351,   16079,       0,       0,       0,       0
   39901,   39394,   30655,   31992,   30726,   22318,   13418,    5245,       0,       0,       0,       0
   18200,   18200,   11323,   12503,   12854,    8202,    4950,    1623,       0,       0,       0,       0
    3941,    3161,    2031,    1785,    1806,       0,       0,       0,       0,       0,       0,       0
    1247,       0,       0,     428,     539,    1142,    1032,    1247,       0,       0,       0,       0
  113513,   95343,   88242,   65827,   48193,   22332,   12707,    8281,       0,       0,       0,       0
  180306,  152081,  115169,   82711,   62690,   33731,   21814,    6618,       0,       0,       0,       0
  167335,  167335,  146656,  132679,  129181,   91619,   55812,   19433,       0,       0,       0,       0
   89818,   88416,   80253,   79348,   73276,   53715,   32498,   16561,       0,       0,       0,       0
   39382,   39382,   31715,   31726,   30810,   21348,   13918,    4534,       0,       0,       0,       0
   17926,   17926,   11932,   13288,   13338,    7860,    5498,    1043,       0,       0,       0,       0
    4171,    3200,    2622,    2186,    2462,       0,       0,       0,       0,       0,       0,       0
    1579,     105,     586,     891,     784,     111,    1534,    1579,       0,       0,       0,       0
  115821,   98831,   90157,   66234,   48938,   24351,   12011,    8811,       0,       0,       0,       0
  182471,  154788,  115544,   82683,   63244,   34288,   22314,    6581,       0,       0,       0,       0
  164659,  164659,  143045,  132468,  132025,   93497,   56823,   20979,       0,       0,       0,       0
   89292,   88502,   80913,   78960,   73218,   54789,   33351,   17864,       0,       0,       0,       0
   38955,   38697,   30880,   31543,   30293,   22623,   14516,    5986,       0,       0,       0,       0
   18498,   18498,   11852,   12246,   13189,    7949,    5628,    1507,       0,       0,       0,       0
    4196,    3631,    2351,    1407,    2670,       0,       0,       0,       0,       0,       0,       0
    1900,       0,     409,       0,     775,     658,    1645,    1900,       0,       0,       0,       0
  117809,  100311,   93672,   68261,   49078,   24315,   12518,    7384,       0,       0,       0,       0
  182854,  156000,  117271,   84714,   64009,   34217,   23244,    6083,       0,       0,       0,       0
  164667,  164667,  142057,  134562,  131055,   95211,   57089,   20439,       0,       0,       0,       0
   89612,   87430,   79498,   80256,   72619,   55236,   35234,   16723,       0,       0,       0,       0
   38725,   38725,   30102,   31769,   30191,   22737,   14473,    5119,       0,       0,       0,       0
   18843,   18843,   11575,   13317,   12903,    7963,    5067,    1374,       0,       0,       0,       0
    4729,    2422,    1857,    2032,    2132,       0,       0,       0,       0,       0,       0,       0
    1338,       0,       0,     647,     715,     236,    1338,     826,       0,       0,       0,       0
  119455,  102696,   96756,   70505,   50078,   25277,   12465,    8055,       0,       0,       0,       0
  182776,  157632,  114359,   85066,   64026,   36015,   23803,    6746,       0,       0,       0,       0
  166541,  166541,  143239,  135365,  130202,   95685,   58586,   20867,       0,       0,       0,       0
   89678,   88355,   77456,   80522,   73369,   56447,   35027,   17822,       0,       0,       0,       0
   39276,   39276,   31283,   31755,   30395,   23101,   14687,    5701,       0,       0,       0,       0
   18806,   18806,   11432,   13020,   13660,    8459,    5920,    1335,       0,       0,       0,       0
    4304,    2926,    2478,    2298,    2070,       0,       0,       0,       0,       0,       0,       0
    1559,       0,      30,     567,     101,     759,    1559,    1237,       0,       0,       0,       0
  121791,  103227,   95425,   69923,   51086,   25721,   12981,    8564,       0,       0,       0,       0
  184250,  158393,  115578,   86852,   65844,   37675,   23709,    6955,       0,       0,       0,       0
  166691,  166691,  141768,  136391,  134367,   96414,   61769,   22492,       0,       0,       0,       0
   90339,   86507,   77690,   78137,   74543,   56629,   36182,   18282,       0,       0,       0,       0
   39314,   38642,   31499,   32475,   32039,   23029,   14524,    5218,       0,       0,       0,       0
   19438,   19438,   10802,   12637,   13775,    8795,    5520,    1782,       0,       0,       0,       0
    3982,    2798,    2442,    1833,    2461,       0,       0,       0,       0,       0,       0,       0
    1785,       0,     631,      17,     554,     725,    1785,    1258,       0,       0,       0,       0
  123596,  106114,   98190,   70389,   52278,   25926,   13557,    8019,       0,       0,       0,       0
  184222,  158119,  116399,   85999,   67183,   36317,   24985,    7136,       0,       0,       0,       0
  166548,  166548,  143518,  136011,  132456,   99168,   62120,   22484,       0,       0,       0,       0
   90154,   88359,   78044,   79092,   73081,   57192,   36750,   18813,       0,       0,       0,       0
   37971,   37971,   31522,   31318,   30544,   23134,   15096,    6122,       0,       0,       0,       0
   18908,   18908,   10515,   13237,   12953,    8587,    5026,    1449,       0,       0,       0,       0
    4515,    2195,    2264,    1721,    2074,       0,       0,       0,       0,       0,       0,       0
    1144,       0,       0,     555,     375,     809,    1144,     952,       0,       0,       0,       0
  126002,  107031,  107046,   71550,   53287,   26353,   13674,    8241,       0,       0,       0,       0
  184472,  157962,  120013,   88625,   67636,   37202,   25502,    7255,       0,       0,       0,       0
  165604,  165604,  144106,  136197,  132969,  100990,   62483,   23068,       0,       0,       0,       0
   90845,   88732,   77893,   79492,   73254,   58267,   37744,   19914,       0,       0,       0,       0
   38204,   38204,   32318,   32954,   31482,   23535,   15291,    6294,       0,       0,       0,       0
   18683,   18683,   11182,   11853,   13489,    8725,    5180,    1310,       0,       0,       0,       0
    3956,    3004,    3107,    1577,    1544,       0,       0,       0,       0,       0,       0,       0
    1620,     438,     585,     280,      67,     324,    1369,    1620,       0,       0,       0,       0
  127656,  107569,  112031,   72090,   54301,   26427,   12105,    8720,       0,       0,       0,       0
  185642,  158486,  122050,   87404,   67785,   37148,   25289,    7514,       0,       0,       0,       0
  165952,  165952,  146052,  136259,  131566,  100096,   64331,   23349,       0,       0,       0,       0
   90543,   88720,   78299,   80055,   75083,   58447,   37898,   19965,       0,       0,       0,       0
   38223,   38223,   32476,   32876,   31753,   23444,   14860,    5589,       0,       0,       0,       0
   17145,   17145,   11101,   12644,   13342,    8740,    5392,    1679,       0,       0,       0,       0
    3847,    2583,    2882,    2205,    2482,       0,       0,       0,       0,       0,       0,       0
     725,       0,      86,     196,     725,     346,     646,     722,       0,       0,       0,       0
  129505,  110105,  112671,   73406,   54318,   27362,   14323,    8819,       0,       0,       0,       0
  187598,  160177,  122775,   90185,   68732,   38369,   26572,    8174,       0,       0,       0,       0
  164340,  164340,  146042,  135721,  133218,  102193,   65524,   23232,       0,       0,       0,       0
   90679,   88821,   78464,   81480,   74844,   59115,   37708,   19420,       0,       0,       0,       0
   39134,   39134,   32038,   32352,   30920,   24593,   16529,    6613,       0,       0,       0,       0
   16668,   16668,   11463,   13095,   13058,    9530,    6476,    1517,       0,       0,       0,       0
    4076,    2834,    2262,    2810,    2327,       0,       0,       0,       0,       0,       0,       0
    1609,       0,       0,    1162,       0,     838,    1609,    1146,       0,       0,       0,       0
  128672,  111774,  112035,   74774,   54076,   27713,   14404,    8702,       0,       0,       0,       0
  189449,  159843,  120427,   92131,   69097,   38017,   27194,    7093,       0,       0,       0,       0
  164781,  164781,  145290,  137973,  135643,  102644,   66692,   23125,       0,       0,       0,       0
   90015,   87082,   77259,   80900,   76385,   58803,   39412,   20299,       0,       0,       0,       0
   38661,   38661,   31014,   31350,   30975,   24001,   16064,    6285,       0,       0,       0,       0
   17144,   17144,   11092,   12760,   13314,    8266,    5839,    1233,       0,       0,       0,       0
    3984,    3284,    1930,    2353,    1934,       0,       0,       0,       0,       0,       0,       0
    1270,       0,       0,     744,     282,       0,    1270,     308,       0,       0,       0,       0
  129542,  115795,  113748,   76341,   56868,   27843,   14657,    9323,       0,       0,       0,       0
  192145,  159539,  121188,   92086,   69674,   39893,   27236,    7509,       0,       0,       0,       0
  164845,  164845,  147877,  137319,  134921,  103054,   67810,   24009,       0,       0,       0,       0
   88812,   88812,   78391,   80072,   75341,   60237,   39821,   21123,       0,       0,       0,       0
   39014,   38990,   30886,   31825,   31605,   24838,   17161,    6327,       0,       0,       0,       0
   18655,   18655,   11934,   12141,   13192,    8994,    6067,    1448,       0,       0,       0,       0
    3621,    2679,    3375,    2027,    2462,       0,       0,       0,       0,       0,       0,       0
    1308,     295,    1053,     899,      33,     884,    1308,     864,       0,       0,       0,       0
  131895,  114194,  114336,   79237,   56638,   28387,   14447,    9065,       0,       0,       0,       0
  193804,  162542,  120317,   91551,   70871,   38729,   28822,    7912,       0,       0,       0,       0
  166638,  166638,  147818,  136859,  135138,  104000,   69062,   24509,       0,       0,       0,       0
   89755,   88780,   78675,   79386,   75101,   61695,   39892,   20764,       0,       0,       0,       0
   39222,   39222,   31314,   33265,   32351,   24213,   16904,    6906,       0,       0,       0,       0
   20013,   20013,   10933,   12670,   13392,    8665,    6087,    1365,       0,       0,       0,       0
    3314,    2822,    2203,    2464,    2084,       0,       0,       0,       0,       0,       0,       0
    1392,     542,       0,     766,     214,     661,    1392,     896,       0,       0,       0,       0
  134970,  117270,  115433,   80598,   57934,   28576,   15363,    9090,       0,       0,       0,       0
  191780,  161842,  120650,   94171,   72409,   40795,   28482,    8261,       0,       0,       0,       0
  163498,  163498,  145333,  136917,  136446,  105172,   69567,   26167,       0,       0,       0,       0
   89835,   88326,   80961,   81638,   76607,   61278,   40278,   20808,       0,       0,       0,       0
   38533,   38533,   30710,   32991,   32264,   25515,   16935,    7120,       0,       0,       0,       0
   22220,   22220,   11346,   12579,   13834,   10061,    5695,    1369,       0,       0,       0,       0
    3749,    3378,    2165,    1845,    3112,       0,       0,       0,       0,       0,       0,       0
    1385,       0,       0,     573,    1255,     274,    1385,    1071,       0,       0,       0,       0
  136683,  119820,  113871,   82220,   58720,   30269,   15056,    9633,       0,       0,       0,       0
  196807,  161801,  119253,   94273,   72665,   41330,   29157,    8848,       0,       0,       0,       0
  167080,  167080,  145319,  136498,  137606,  107037,   69149,   26394,       0,       0,       0,       0
   89536,   87715,   78595,   81622,   75232,   62353,   40157,   21996,       0,       0,       0,       0
   38195,   38195,   30036,   32741,   31970,   25890,   15891,    7836,       0,       0,       0,       0
   24765,   24765,   11722,   13598,   13560,   10392,    6082,    2047,       0,       0,       0,       0
    3927,    3382,    2348,    2735,    2257,       0,       0,       0,       0,       0,       0,       0
    1675,     130,     209,       0,       0,     656,    1675,    1182,       0,       0,       0,       0
  135929,  120922,  113612,   83454,   58975,   30184,   14935,    9923,       0,       0,       0,       0
  198512,  165506,  119144,   93385,   74223,   42036,   28665,    9291,       0,       0,       0,       0
  164743,  164743,  144741,  136472,  136704,  106655,   70586,   26687,       0,       0,       0,       0
   89380,   88011,   80258,   81025,   76120,   61444,   41386,   22803,       0,       0,       0,       0
   38773,   37749,   29827,   33510,   32468,   26210,   16148,    8420,       0,       0,       0,       0
   23523,   23523,   11461,   13246,   13701,    9726,    6833,    1555,       0,       0,       0,       0
    4260,    2142,    1908,    2532,    2747,       0,       0,       0,       0,       0,       0,       0
    1657,       6,       0,     910,     668,    1153,    1657,    1163,       0,       0,       0,       0
  137036,  122980,  112646,   85072,   59520,   30044,   15827,    9689,       0,       0,       0,       0
  200188,  164612,  119508,   94502,   74112,   41884,   28618,    8045,       0,       0,       0,       0
  164435,  164435,  144187,  137389,  136259,  107520,   73238,   26143,       0,       0,       0,       0
   91047,   85960,   82779,   81165,   75984,   62573,   41805,   22046,       0,       0,       0,       0
   38374,   38374,   31114,   32255,   31369,   25638,   17933,    7107,       0,       0,       0,       0
   21610,   21610,   11489,   12127,   13206,    9601,    6273,    1011,       0,       0,       0,       0
    3910,    2683,    2353,    1906,    2005,       0,       0,       0,       0,       0,       0,       0
    1741,     104,     408,      18,      98,     769,    1741,     469,       0,       0,       0,       0
  137749,  123970,  109972,   86946,   60239,   31147,   16039,    9356,       0,       0,       0,       0
  197770,  167163,  122575,   95329,   74460,   42068,   28467,    8606,       0,       0,       0,       0
  166867,  166867,  144083,  139542,  139872,  107454,   71637,   27306,       0,       0,       0,       0
   90398,   85826,   80601,   80427,   74632,   63529,   42725,   22569,       0,       0,       0,       0
   38260,   38260,   31620,   32456,   33004,   25820,   16988,    7723,       0,       0,       0,       0
   20909,   20909,   11962,   14069,   14317,    9640,    6431,     910,       0,       0,       0,       0
    3841,    2653,    2335,    2955,    2740,       0,       0,       0,       0,       0,       0,       0
    1172,     107,      88,     894,     772,     417,    1172,     521,       0,       0,       0,       0
  140002,  125968,  113494,   86922,   62126,   31009,   15846,    9175,       0,       0,       0,       0
  199894,  166572,  124000,   94070,   75414,   42836,   31165,    8519,       0,       0,       0,       0
  163263,  163263,  143439,  138805,  138318,  108827,   72940,   26560,       0,       0,       0,       0
   88744,   88263,   79160,   79313,   74434,   63746,   42748,   23132,       0,       0,       0,       0
   40365,   38527,   29498,   31908,   32881,   25682,   17542,    6957,       0,       0,       0,       0
   20621,   20621,   10542,   11935,   13883,    9910,    6913,     367,       0,       0,       0,       0
    4341,    3100,    1455,    1666,    2571,       0,       0,       0,       0,       0,       0,       0
     684,       0,       0,       0,     475,     439,     684,     243,       0,       0,       0,       0
  138307,  126999,  123095,   86950,   61479,   30879,   16298,   10819,       0,       0,       0,       0
  197956,  165541,  126960,   96602,   75671,   43358,   30505,    9809,       0,       0,       0,       0
  162465,  162465,  139138,  137786,  140136,  108896,   74480,   27780,       0,       0,       0,       0
   87271,   87211,   76953,   80688,   75999,   62809,   42532,   23983,       0,       0,       0,       0
   37898,   37427,   29494,   31738,   33219,   26143,   17948,    8068,       0,       0,       0,       0
   20338,   20338,   10561,   12079,   14326,   10412,    6716,    1731,       0,       0,       0,       0
    3596,    2348,    2169,    2091,    2645,       0,       0,       0,       0,       0,       0,       0
    1694,       0,     134,       0,     437,       0,    1694,    1019,       0,       0,       0,       0
  142977,  127301,  123121,   88898,   62746,   32688,   16650,   10103,       0,       0,       0,       0
  199679,  168061,  127470,   96749,   75448,   43541,   30641,    9138,       0,       0,       0,       0
  164380,  164380,  144252,  139505,  139713,  109324,   74008,   27737,       0,       0,       0,       0
   88491,   87079,   76607,   81307,   75206,   63307,   44982,   23710,       0,       0,       0,       0
   38068,   37824,   30631,   32141,   32465,   26171,   18010,    7915,       0,       0,       0,       0
   22974,   22974,   10209,   13551,   14031,   10136,    6564,    1362,       0,       0,       0,       0
    3842,    2708,    1967,    2504,    2657,       0,       0,       0,       0,       0,       0,       0
    1363,     134,       0,     660,     398,    1004,    1363,     786,       0,       0,       0,       0
  145523,  127759,  128883,   89183,   62932,   32441,   16873,    9855,       0,       0,       0,       0
  201093,  166159,  131771,   99249,   77342,   45373,   32480,    9296,       0,       0,       0,       0
  163835,  163835,  142802,  139664,  139335,  111195,   76506,   27973,       0,       0,       0,       0
   88839,   86355,   77721,   79413,   76129,   64779,   44411,   24282,       0,       0,       0,       0
   39117,   39117,   31207,   32240,   32739,   27055,   19186,    7943,       0,       0,       0,       0
   24911,   24911,   10960,   12764,   13849,   10683,    6828,    1396,       0,       0,       0,       0
    3825,    2379,    2654,    2530,    2241,       0,       0,       0,       0,       0,       0,       0
    1675,       0,     563,     275,     698,    1042,    1675,     815,       0,       0,       0,       0
  145484,  129292,  125500,   92192,   63959,   31882,   16443,   11295,       0,       0,       0,       0
  200390,  167715,  130505,   97840,   77570,   44091,   32270,    9473,       0,       0,       0,       0
  164243,  164243,  147495,  137135,  139727,  112630,   76366,   29059,       0,       0,       0,       0
   89111,   86506,   79720,   81485,   76580,   63859,   44944,   24182,       0,       0,       0,       0
   38659,   38659,   32249,   32389,   32814,   26706,   19059,    8771,       0,       0,       0,       0
   30020,   30020,   11543,   13091,   13782,    9775,    7025,    1715,       0,       0,       0,       0
    3178,    3047,    3071,    2358,    2662,       0,       0,       0,       0,       0,       0,       0
    1891,     848,     517,     422,     933,     449,    1891,    1539,       0,       0,       0,       0
  146273,  129003,  125088,   93011,   64475,   34375,   17102,   10426,       0,       0,       0,       0
  200388,  166275,  130816,   97996,   78325,   45963,   31873,    9824,       0,       0,       0,       0
  165856,  165856,  145998,  138387,  141829,  113261,   76631,   29707,       0,       0,       0,       0
   90174,   88017,   77158,   81370,   75886,   64963,   44819,   25900,       0,       0,       0,       0
   38560,   37781,   31050,   32815,   32680,   27770,   19794,    8722,       0,       0,       0,       0
   33233,   33233,   10753,   12540,   14311,   11515,    6860,    1372,       0,       0,       0,       0
    3531,    2208,    2087,    2200,    2839,       0,       0,       0,       0,       0,       0,       0
    1905,       0,     222,     175,    1095,    1905,    1730,     881,       0,       0,       0,       0
  149988,  129739,  120068,   92338,   63210,   33769,   17002,   11164,       0,       0,       0,       0
  198179,  168080,  129319,   97804,   77786,   46117,   32702,    9490,       0,       0,       0,       0
  166588,  166588,  146571,  140050,  138917,  113128,   78485,   30064,       0,       0,       0,       0
   89282,   89153,   78866,   80806,   76116,   65394,   45916,   25095,       0,       0,       0,       0
   39190,   36983,   30908,   31971,   32885,   27393,   18828,    8971,       0,       0,       0,       0
   36311,   36311,   12156,   12860,   13513,   10854,    6680,     553,       0,       0,       0,       0
    3458,    2837,    2053,    2043,    2224,       0,       0,       0,       0,       0,       0,       0
    1351,     293,     362,       0,     448,     613,    1351,     614,       0,       0,       0,       0
  146867,  131131,  126366,   93820,   64880,   33542,   17474,   10439,       0,       0,       0,       0
  198157,  167621,  131507,   99102,   77986,   45409,   32194,    9635,       0,       0,       0,       0
  165041,  165041,  144343,  140787,  140503,  113515,   76588,   29641,       0,       0,       0,       0
   89613,   89181,   78043,   82194,   76050,   65397,   44870,   25129,       0,       0,       0,       0
   38749,   37105,   30375,   33019,   32216,   27206,   18348,    8775,       0,       0,       0,       0
   34081,   34081,   10565,   13134,   13070,   10039,    7386,    1183,       0,       0,       0,       0
    2941,    2881,    1925,    1892,    2426,       0,       0,       0,       0,       0,       0,       0
     983,       0,     367,       0,     427,     466,     983,     577,       0,       0,       0,       0
  151956,  132265,  125969,   95305,   65838,   34614,   17544,   10986,       0,       0,       0,       0
  203244,  168460,  128867,  101737,   77842,   46391,   33292,   10025,       0,       0,       0,       0
  164208,  164208,  143621,  142100,  140388,  113440,   79618,   30020,       0,       0,       0,       0
   88761,   88171,   77912,   82548,   76490,   66409,   45519,   26146,       0,       0,       0,       0
   38482,   37228,   30440,   32760,   32474,   26874,   18897,    8917,       0,       0,       0,       0
   31875,   31875,   11062,   13891,   13285,   11619,    6970,    1756,       0,       0,       0,       0
    3682,    3066,    2160,    2881,    2267,       0,       0,       0,       0,       0,       0,       0
    1189,     198,     370,     572,     485,     825,    1189,    1105,       0,       0,       0,       0
  156069,  134987,  127582,   93347,   65637,   34520,   18388,   10751,       0,       0,       0,       0
  199825,  170140,  130345,   98307,   79676,   46018,   33601,   10651,       0,       0,       0,       0
  163493,  163493,  143282,  141795,  139463,  114492,   80460,   31088,       0,       0,       0,       0
   88459,   86832,   79166,   81315,   76368,   66373,   47105,   26164,       0,       0,       0,       0
   38173,   37073,   31603,   31433,   33486,   28294,   19135,    9125,       0,       0,       0,       0
   31635,   31635,   11594,   12615,   13754,   10988,    7738,     870,       0,       0,       0,       0
    2938,    2720,    2577,    2305,    1730,       0,     168,       0,       0,       0,       0,       0
    2067,       0,     455,       0,     188,     766,    2067,     574,       0,       0,       0,       0
  156017,  133267,  131866,   93919,   65891,   35411,   17549,   11295,       0,       0,       0,       0
  201515,  169541,  133256,  100347,   79278,   46121,   33049,   10433,       0,       0,       0,       0
  165557,  165557,  141947,  139693,  139981,  114346,   79781,   30773,       0,       0,       0,       0
   90456,   87372,   77913,   82453,   75863,   66522,   46645,   26417,       0,       0,       0,       0
   38950,   37429,   30663,   32263,   32417,   27953,   19010,    9172,       0,       0,       0,       0
   33545,   33545,   11211,   13970,   13384,   11718,    7421,     889,       0,       0,       0,       0
    3285,    2896,    3285,    1905,    2001,       0,       0,       0,       0,       0,       0,       0
    1886,      39,     494,     294,      16,    1070,    1886,     885,       0,       0,       0,       0
  156240,  132057,  134268,   96292,   67189,   34634,   18006,   11650,       0,       0,       0,       0
  198493,  170349,  132037,  101766,   80401,   47018,   34100,   10902,       0,       0,       0,       0
  163705,  163705,  141517,  141053,  140755,  116371,   82137,   31535,       0,       0,       0,       0
   88904,   88663,   76330,   82169,   75421,   67150,   47753,   26862,       0,       0,       0,       0
   38219,   37446,   31451,   32780,   32386,   28115,   20025,   10015,       0,       0,       0,       0
   38061,   38061,   11104,   13250,   13418,   11390,    7932,    1795,       0,       0,       0,       0
    2868,    2314,    1949,    1839,    2202,       0,       0,       0,       0,       0,       0,       0
    1833,     294,       0,     566,       0,     942,    1833,    1509,       0,       0,       0,       0
  160242,  130418,  130902,   97459,   67611,   35929,   18359,   11556,       0,       0,       0,       0
  202723,  171078,  134069,  102512,   80850,   46330,   33954,   10266,       0,       0,       0,       0
  162726,  162726,  143514,  143110,  139753,  116999,   80658,   31975,       0,       0,       0,       0
   91933,   87724,   78318,   82600,   76325,   66090,   47431,   26953,       0,       0,       0,       0
   37727,   37172,   30986,   32402,   32426,   27500,   20170,    9742,       0,       0,       0,       0
   42397,   42397,   10193,   13100,   14159,   10943,    7957,    1502,       0,       0,       0,       0
    3531,    2478,    2362,    2316,    2379,       0,       0,       0,       0,       0,       0,       0
    1788,     232,     400,     912,     511,     832,    1788,     972,       0,       0,       0,       0
  159942,  132764,  134077,   99632,   67939,   36662,   18939,   11347,       0,       0,       0,       0
  203166,  167553,  132994,  102007,   81197,   48250,   35219,   10820,       0,       0,       0,       0
  163191,  163191,  142784,  138967,  142285,  116438,   83392,   32664,       0,       0,       0,       0
   88815,   87966,   77530,   82448,   75943,   67363,   47769,   27803,       0,       0,       0,       0
   38016,   37192,   30381,   32245,   33623,   29015,   20015,    9855,       0,       0,       0,       0
   43704,   43704,   10256,   13018,   13555,   12214,    8449,     513,       0,       0,       0,       0
    3561,    2447,    2276,    1777,    2126,       0,     397,       0,       0,       0,       0,       0
    2225,       0,       0,       0,       0,     642,    2225,    1108,       0,       0,       0,       0
  162416,  135052,  134696,  100516,   70225,   37143,   18452,   12057,       0,       0,       0,       0
  201709,  170118,  131925,  105157,   82698,   46941,   34444,   11035,       0,       0,       0,       0
  162698,  162698,  144211,  141193,  141945,  118249,   84095,   32912,       0,       0,       0,       0
   90292,   86746,   77008,   82036,   77989,   66902,   48185,   28064,       0,       0,       0,       0
   37683,   37076,   31904,   33584,   33949,   28703,   20169,    9972,       0,       0,       0,       0
   39384,   39384,   11241,   14054,   14305,   11691,    8030,    1417,       0,       0,       0,       0
    4333,    2278,    2333,    3071,    2410,       0,      83,       0,       0,       0,       0,       0
    1588,       0,     795,     575,     717,     824,    1588,    1263,       0,       0,       0,       0
  162754,  136546,  132729,  101201,   69317,   36870,   18283,   12478,       0,       0,       0,       0
  203450,  171615,  133336,  105366,   81990,   48502,   35512,   11355,       0,       0,       0,       0
  163786,  163786,  145734,  142184,  141953,  116356,   82727,   33734,       0,       0,       0,       0
   89166,   87324,   77392,   83362,   76639,   68272,   48176,   28109,       0,       0,       0,       0
   39030,   39030,   30741,   31781,   34623,   27725,   19274,   10888,       0,       0,       0,       0
   38597,   38597,   11413,   14226,   13600,   10758,    7542,    1180,       0,       0,       0,       0
    3393,    2978,    2968,    3195,    2556,       0,      36,       0,       0,       0,       0,       0
    1842,     519,     461,    1147,     619,     475,    1842,    1464,       0,       0,       0,       0
  163231,  136948,  134921,  101338,   69178,   35598,   19386,   12168,       0,       0,       0,       0
  206935,  174088,  134752,  106310,   83164,   48722,   35527,   11784,       0,       0,       0,       0
  165406,  165406,  144887,  142619,  142705,  117069,   85195,   33662,       0,       0,       0,       0
   89705,   87976,   76637,   83389,   75823,   67395,   48445,   29198,       0,       0,       0,       0
   38813,   37350,   30686,   31842,   33394,   28703,   20555,   10855,       0,       0,       0,       0
   37091,   37091,   11212,   13123,   13092,   11457,    8105,    1723,       0,       0,       0,       0
    3985,    2871,    2879,    2674,    2569,       0,       0,       0,       0,       0,       0,       0
    1914,     492,     280,     555,       0,     995,    1914,    1229,       0,       0,       0,       0
  165822,  136786,  135750,  103260,   70195,   37324,   18226,   11946,       0,       0,       0,       0
  206349,  174712,  135533,  104862,   83415,   48237,   36128,   11456,       0,       0,       0,       0
  165502,  165502,  146198,  141842,  142507,  117902,   85217,   32762,       0,       0,       0,       0
   89922,   85606,   77788,   82222,   77028,   68359,   48500,   28444,       0,       0,       0,       0
   38077,   38077,   30201,   32753,   33927,   27131,   20239,   10486,       0,       0,       0,       0
   38648,   38648,   11692,   14388,   13956,   11240,    8331,     913,       0,       0,       0,       0
    3420,    2429,    2313,    2704,    2768,       0,       0,       0,       0,       0,       0,       0
    1189,       0,     661,     372,    1016,     373,    1189,    1034,       0,       0,       0,       0
  166010,  138090,  134639,  104282,   70609,   35280,   18165,   12615,       0,       0,       0,       0
  206018,  175863,  133931,  107250,   83289,   49183,   35218,   11834,       0,       0,       0,       0
  167817,  167817,  146048,  142070,  141862,  120682,   84814,   33464,       0,       0,       0,       0
   89954,   87410,   79798,   82722,   76344,   68918,   49742,   29034,       0,       0,       0,       0
   37312,   37312,   29090,   32877,   33181,   29424,   21055,   10916,       0,       0,       0,       0
   38338,   38338,   11080,   13200,   12769,   11176,    7603,    1766,       0,       0,       0,       0
    3536,    3536,    1372,    2062,    1788,       0,       0,       0,       0,       0,       0,       0
    1587,     509,      76,       0,      98,     205,    1587,    1065,       0,       0,       0,       0
  166477,  138769,  133840,  104840,   71943,   36357,   19203,   12152,       0,       0,       0,       0
  206249,  173704,  133344,  107497,   85970,   49182,   36535,   11137,       0,       0,       0,       0
  164325,  164325,  144887,  141204,  142410,  119076,   87140,   33742,       0,       0,       0,       0
   91522,   89372,   78999,   82739,   77765,   68612,   50861,   28818,       0,       0,       0,       0
   37619,   36239,   29821,   32368,   34353,   29168,   21427,   11049,       0,       0,       0,       0
   35483,   35483,   11145,   13436,   13465,   11198,    8677,    1173,       0,       0,       0,       0
    4043,    2421,    1927,    2217,    2294,       0,     316,       0,       0,       0,       0,       0
    1757,      33,     419,     389,      50,     379,    1757,     894,       0,       0,       0,       0
  167348,  139334,  135466,  106721,   72855,   37616,   18432,   12171,       0,       0,       0,       0
  203072,  170382,  132489,  106830,   84873,   50289,   36634,   10964,       0,       0,       0,       0
  164609,  164609,  142924,  140714,  142191,  121431,   87184,   35097,       0,       0,       0,       0
   90797,   88068,   80702,   82122,   76322,   69134,   49704,   29536,       0,       0,       0,       0
   37897,   36692,   30344,   30979,   34117,   29085,   20384,   10888,       0,       0,       0,       0
   35589,   35589,   11536,   12628,   13731,   12137,    8779,     861,       0,       0,       0,       0
    3266,    2503,    2145,    2042,    2910,       0,     671,       0,       0,       0,       0,       0
    1961,       0,     293,     147,     930,    1301,    1961,     620,       0,       0,       0,       0
  165643,  141355,  137226,  105356,   73483,   38313,   20699,   12842,       0,       0,       0,       0
  205237,  172340,  131634,  105632,   86255,   50435,   37290,   11971,       0,       0,       0,       0
  161062,  161062,  145073,  142280,  142845,  121913,   87377,   34282,       0,       0,       0,       0
   90501,   89310,   79821,   81080,   76294,   70631,   50900,   29773,       0,       0,       0,       0
   38325,   37841,   30254,   32216,   33617,   29909,   21560,   11164,       0,       0,       0,       0
   33927,   33927,   11476,   13129,   13467,   12072,    8288,    1242,       0,       0,       0,       0
    3673,    2063,    2123,    1347,    2261,       0,    1005,       0,       0,       0,       0,       0
    2232,       0,     330,       0,     420,     772,    2232,    1080,       0,       0,       0,       0
  168655,  143867,  137867,  105181,   72509,   37487,   19612,   12741,       0,       0,       0,       0
  206524,  173482,  130473,  107863,   84504,   49786,   37173,   12103,       0,       0,       0,       0
  160450,  160450,  145381,  141307,  143170,  121046,   88581,   35647,       0,       0,       0,       0
   90321,   85867,   80854,   81963,   76946,   68346,   50710,   29646,       0,       0,       0,       0
   37371,   37371,   29440,   32041,   33138,   28794,   20983,   11844,       0,       0,       0,       0
   33068,   33068,   11500,   13794,   13582,   11461,    8325,    1823,       0,       0,       0,       0
    3479,    2830,    1159,    2411,    2183,       0,     142,       0,       0,       0,       0,       0
    1366,       0,      31,     792,     265,     821,     930,    1366,       0,       0,       0,       0
  169888,  147926,  137875,  105500,   72889,   38956,   19851,   12825,       0,       0,       0,       0
  206628,  177526,  134288,  109041,   85421,   50457,   37310,   11793,       0,       0,       0,       0
  162089,  162089,  145548,  143279,  140087,  120961,   88130,   34422,       0,       0,       0,       0
   89859,   85311,   80660,   84042,   76052,   69202,   50854,   30232,       0,       0,       0,       0
   39191,   39191,   30605,   32702,   34119,   29564,   20926,   11732,       0,       0,       0,       0
   31708,   31708,   11817,   13557,   12995,   11149,    8271,    1673,       0,       0,       0,       0
    3302,    2976,    2357,    2446,    1852,       0,     142,       0,       0,       0,       0,       0
    2186,       0,     667,     524,     130,     214,    2186,    1207,       0,       0,       0,       0
  169702,  144670,  137874,  107512,   73489,   37963,   20342,   12760,       0,       0,       0,       0
  207203,  177015,  134900,  107722,   84774,   50373,   36837,   11559,       0,       0,       0,       0
  161880,  161880,  145717,  143500,  143615,  121877,   88032,   35433,       0,       0,       0,       0
   89271,   84856,   81305,   84013,   75683,   69823,   50744,   31019,       0,       0,       0,       0
   39525,   39525,   30439,   32902,   33655,   30748,   21225,   11283,       0,       0,       0,       0
   30680,   30680,   11880,   13410,   13903,   12177,    8368,     935,       0,       0,       0,       0
    3262,    2565,    2801,    2163,    2196,       0,       0,       0,       0,       0,       0,       0
    1215,       0,    1167,     582,     442,     630,    1215,     434,       0,       0,       0,       0
  171711,  142132,  140161,  108342,   73411,   38865,   20091,   13298,       0,       0,       0,       0
  209017,  175037,  131953,  108860,   85011,   50943,   37901,   13161,       0,       0,       0,       0
  162556,  162556,  145726,  142801,  143979,  121805,   89922,   35894,       0,       0,       0,       0
   90604,   87511,   78875,   82566,   76612,   70356,   51734,   31172,       0,       0,       0,       0
   37589,   37589,   30713,   32404,   33177,   29818,   22143,   12395,       0,       0,       0,       0
   30535,   30535,   11438,   13619,   13189,   11600,    8735,    2027,       0,       0,       0,       0
    3122,    1883,    2070,    2157,    1720,       0,       0,       0,       0,       0,       0,       0
    1235,       0,     162,       0,     602,     138,    1137,    1235,       0,       0,       0,       0
  170371,  143401,  137542,  109703,   74094,   39230,   19714,   13131,       0,       0,       0,       0
  209485,  175319,  131052,  109490,   86847,   50300,   38051,   12385,       0,       0,       0,       0
  163900,  163900,  142596,  142938,  144471,  121719,   89704,   35077,       0,       0,       0,       0
   89565,   86348,   79746,   82323,   77710,   69608,   50989,   32906,       0,       0,       0,       0
   37854,   36797,   29055,   31511,   33549,   29473,   21144,   12128,       0,       0,       0,       0
   30951,   30951,   11186,   12638,   14787,   11396,    8652,    1558,       0,       0,       0,       0
    3965,    2485,    1517,    2437,    3054,       0,     802,       0,       0,       0,       0,       0
    1744,       0,       0,       0,     507,     746,    1744,     983,       0,       0,       0,       0
  172947,  146653,  140429,  111343,   74631,   38623,   19780,   13262,       0,       0,       0,       0
  209361,  174635,  134136,  109621,   86758,   50598,   37728,   13144,       0,       0,       0,       0
  157944,  157944,  143437,  143886,  142153,  122675,   90229,   35196,       0,       0,       0,       0
   89722,   87490,   80156,   82776,   76382,   68350,   51062,   32610,       0,       0,       0,       0
   38333,   38333,   29488,   32604,   34034,   28970,   22610,   12307,       0,       0,       0,       0
   31943,   31943,   11764,   14260,   13213,   11902,    8167,    1182,       0,       0,       0,       0
    3079,    2733,    1331,    2799,    2018,       0,     308,       0,       0,       0,       0,       0
     927,     132,       0,     869,     571,     622,     875,     927,       0,       0,       0,       0
  172972,  147056,  143220,  112530,   75432,   39278,   20240,   13852,       0,       0,       0,       0
  210881,  177864,  134937,  110045,   88730,   51257,   38375,   13435,       0,       0,       0,       0
  161987,  161987,  142597,  142709,  144408,  120956,   89375,   36102,       0,       0,       0,       0
   88441,   85544,   80148,   82466,   76984,   70089,   51758,   32448,       0,       0,       0,       0
   38540,   38540,   29524,   32529,   34567,   30205,   21735,   12706,       0,       0,       0,       0
   29821,   29821,   11552,   13876,   13652,   10865,    7946,    1874,       0,       0,       0,       0
    3715,    3273,    1650,    2910,    2996,       0,       0,       0,       0,       0,       0,       0
    1233,       8,     459,     551,     494,     917,    1233,    1173,       0,       0,       0,       0
  173070,  150967,  142763,  111913,   75778,   39054,   20493,   14302,       0,       0,       0,       0
  208509,  177966,  136081,  111784,   87753,   50328,   39706,   12644,       0,       0,       0,       0
  159394,  159394,  143572,  142614,  143009,  121825,   91294,   36370,       0,       0,       0,       0
   90736,   84360,   79772,   82506,   77318,   70327,   53789,   32179,       0,       0,       0,       0
   37783,   37684,   30425,   32135,   33708,   30318,   23106,   13054,       0,       0,       0,       0
   29437,   29437,   11343,   12228,   14063,   11711,    9056,    1458,       0,       0,       0,       0
    3353,    2998,    2105,    2774,    2231,       0,     488,       0,       0,       0,       0,       0
    1803,       0,     981,     287,     876,    1044,    1790,    1803,       0,       0,       0,       0
  173457,  152728,  140878,  112421,   75626,   40619,   20719,   13027,       0,       0,       0,       0
  209676,  179484,  137568,  111235,   89085,   50927,   39009,   12424,       0,       0,       0,       0
  160221,  160221,  143130,  143700,  145071,  122214,   90568,   36096,       0,       0,       0,       0
   89018,   83416,   80107,   81636,   79084,   71578,   52887,   31735,       0,       0,       0,       0
   38391,   38391,   29812,   32264,   34168,   31023,   21773,   12069,       0,       0,       0,       0
   28278,   28278,   10647,   12801,   13754,   12929,    8391,    1101,       0,       0,       0,       0
    3012,    2989,    1807,    2371,    2637,       0,     260,       0,       0,       0,       0,       0
    1422,       0,       0,     174,     859,    1422,    1281,     681,       0,       0,       0,       0
  171880,  153560,  140336,  112852,   76762,   39751,   21534,   13448,       0,       0,       0,       0
  207512,  183054,  137722,  110161,   87921,   52985,   39841,   13677,       0,       0,       0,       0
  162350,  162350,  144924,  143157,  144423,  121649,   92408,   37188,       0,       0,       0,       0
   90196,   83817,   79170,   83509,   77951,   71830,   53663,   32568,       0,       0,       0,       0
   38909,   38268,   29529,   32582,   33423,   30293,   22817,   12186,       0,       0,       0,       0
   27440,   27440,   11291,   12658,   13287,   11500,    8914,    1319,       0,       0,       0,       0
    3471,    3199,    1896,    1958,    2523,       0,     138,       0,       0,       0,       0,       0
    1499,      85,       0,       0,     489,    1107,    1499,     711,       0,       0,       0,       0
  175256,  152657,  142716,  114880,   76107,   40112,   21247,   14411,       0,       0,       0,       0
  207446,  183895,  138507,  111053,   89101,   53124,   40372,   14403,       0,       0,       0,       0
  165385,  165385,  143301,  141656,  144114,  121658,   92870,   38006,       0,       0,       0,       0
   88456,   86369,   80027,   82951,   76795,   70588,   52863,   33814,       0,       0,       0,       0
   38932,   38932,   30797,   31657,   32715,   28739,   22863,   13828,       0,       0,       0,       0
   28682,   28682,   11186,   13254,   13560,   11761,    9607,    2335,       0,       0,       0,       0
    3394,    3394,    1800,    2010,    1977,       0,    1256,       0,       0,       0,       0,       0
    1932,     295,     665,     395,     198,     317,    1932,    1685,       0,       0,       0,       0
  173849,  152830,  146421,  115547,   77394,   40250,   21886,   13569,       0,       0,       0,       0
  207732,  178027,  138853,  112746,   90523,   52394,   39678,   13932,       0,       0,       0,       0
  163719,  163719,  143900,  142662,  144490,  122735,   92454,   36743,       0,       0,       0,       0
   89054,   86199,   80281,   83060,   76310,   70096,   55675,   33627,       0,       0,       0,       0
   37268,   36475,   29776,   32772,   34401,   30136,   22969,   13281,       0,       0,       0,       0
   28546,   28546,   10675,   13311,   14254,   11365,    8728,    1947,       0,       0,       0,       0
    3147,    2134,    1499,    2797,    1510,       0,    1019,       0,       0,       0,       0,       0
    2556,       0,       0,     849,     373,     173,    2556,    1342,       0,       0,       0,       0
  175385,  150409,  148314,  116979,   77956,   41034,   21530,   14145,       0,       0,       0,       0
  208502,  176927,  139011,  112158,   89813,   51680,   40065,   13403,       0,       0,       0,       0
  165550,  165550,  144362,  142447,  144649,  121921,   92442,   37169,       0,       0,       0,       0
   90360,   88266,   80957,   81755,   77106,   70893,   53214,   33738,       0,       0,       0,       0
   36943,   35803,   29908,   31787,   35455,   30244,   22701,   14130,       0,       0,       0,       0
   30571,   30571,   12051,   13219,   14302,   12343,    8288,    1466,       0,       0,       0,       0
    2980,    2239,    2096,    2684,    2980,       0,     603,       0,       0,       0,       0,       0
    1558,       0,    1146,     543,     531,     323,    1558,     668,       0,       0,       0,       0
  174086,  151074,  147058,  115888,   77225,   40592,   22295,   14032,       0,       0,       0,       0
  207446,  175633,  136705,  114152,   88527,   52871,   40908,   13930,       0,       0,       0,       0
  165059,  165059,  141912,  143509,  144834,  123984,   93295,   36682,       0,       0,       0,       0
   89868,   89056,   80431,   81642,   78593,   70599,   55256,   34305,       0,       0,       0,       0
   36749,   36749,   29872,   31629,   33774,   30218,   23830,   12273,       0,       0,       0,       0
   31774,   31774,   11344,   12467,   13575,   12313,    9604,    1019,       0,       0,       0,       0
    3570,    2546,    1405,    2614,    1765,       0,     940,       0,       0,       0,       0,       0
    1257,     154,     325,     465,     387,     215,    1257,     780,       0,       0,       0,       0
  176398,  149571,  149024,  117186,   78162,   41527,   21601,   13614,       0,       0,       0,       0
  205906,  174591,  142162,  113831,   90011,   53059,   41447,   14098,       0,       0,       0,       0
  160828,  160828,  142975,  143421,  144299,  122379,   94289,   37675,       0,       0,       0,       0
   90018,   90018,   78633,   82973,   76149,   71630,   55620,   34261,       0,       0,       0,       0
   37699,   36023,   30848,   31518,   34215,   29922,   23612,   13401,       0,       0,       0,       0
   30000,   30000,   11584,   12549,   14106,   11856,    9608,    1323,       0,       0,       0,       0
    3700,    2569,    2628,    2020,    2822,       0,     735,       0,       0,       0,       0,       0
    1582,      88,     548,     404,     422,     699,    1582,     828,       0,       0,       0,       0
  176210,  153071,  149465,  116990,   77866,   42010,   22032,   13864,       0,       0,       0,       0
  206106,  176102,  138888,  112787,   89563,   52899,   40427,   14381,       0,       0,       0,       0
  161475,  161475,  144178,  144043,  143871,  124322,   94913,   38003,       0,       0,       0,       0
   89694,   88491,   80621,   83280,   77883,   71551,   53233,   34679,       0,       0,       0,       0
   37253,   36355,   29467,   32681,   34617,   30367,   22988,   13280,       0,       0,       0,       0
   29141,   29141,   10892,   13310,   14093,   11676,    9255,    1128,       0,       0,       0,       0
    2943,    2806,    2509,    2274,    2943,       0,     459,       0,       0,       0,       0,       0
    1938,     365,     335,     226,     992,     404,    1938,     873,       0,       0,       0,       0
  177792,  155661,  151953,  119311,   78385,   41293,   21662,   14496,       0,       0,       0,       0
  206929,  178893,  140565,  112861,   88177,   54655,   40973,   14270,       0,       0,       0,       0
  159536,  159536,  143635,  142645,  144595,  123517,   93021,   37795,       0,       0,       0,       0
   90334,   87051,   80922,   82603,   76699,   71029,   55471,   34536,       0,       0,       0,       0
   38547,   38547,   29820,   32325,   33447,   29855,   22975,   13845,       0,       0,       0,       0
   27811,   27811,   12054,   12896,   13468,   12263,    8812,    1133,       0,       0,       0,       0
    4363,    3133,    1781,    2656,    1323,       0,     609,       0,       0,       0,       0,       0
    1903,     107,     568,     118,       0,     427,    1903,    1344,       0,       0,       0,       0
  179826,  155167,  151417,  117534,   78402,   41193,   22482,   14123,       0,       0,       0,       0
  205545,  182411,  139154,  114334,   91501,   53528,   41945,   13868,       0,       0,       0,       0
  160654,  160654,  144496,  142960,  145285,  124532,   94086,   38292,       0,       0,       0,       0
   90064,   85034,   79762,   81093,   77009,   70680,   55140,   34895,       0,       0,       0,       0
   37581,   37539,   30055,   31665,   34367,   29656,   22912,   12640,       0,       0,       0,       0
   27131,   27131,   11119,   12256,   13471,   11196,    9633,    1106,       0,       0,       0,       0
    3800,    2620,    1991,    1933,    3218,       0,    1006,       0,       0,       0,       0,       0
    1409,       0,     231,     516,     925,       0,    1363,    1409,       0,       0,       0,       0
  178605,  157739,  152890,  116095,   79371,   42993,   22150,   14580,       0,       0,       0,       0
  205669,  181766,  138474,  114931,   90613,   54652,   41283,   13934,       0,       0,       0,       0
  162055,  162055,  140956,  142788,  145882,  125040,   93156,   38182,       0,       0,       0,       0
   89718,   85823,   79038,   82174,   76707,   72738,   54910,   34478,       0,       0,       0,       0
   38269,   38201,   29642,   32034,   34354,   31339,   23230,   13722,       0,       0,       0,       0
   26533,   26533,   10754,   13727,   13965,   11992,    8901,    1309,       0,       0,       0,       0
    3042,    2388,    2225,    2577,    2999,       0,     133,       0,       0,       0,       0,       0
    1150,       0,     211,     470,     273,     713,    1150,     778,       0,       0,       0,       0
  180873,  158529,  157248,  118409,   78883,   41643,   22163,   14614,       0,       0,       0,       0
  203170,  183028,  140361,  116194,   91517,   53212,   41828,   14575,       0,       0,       0,       0
  164714,  164714,  143585,  141191,  144127,  123235,   94772,   39079,       0,       0,       0,       0
   88628,   85353,   78471,   82366,   77669,   72271,   55807,   35942,       0,       0,       0,       0
   38154,   37663,   30144,   32179,   33880,   30413,   23214,   14094,       0,       0,       0,       0
   27495,   27495,   11501,   12918,   13659,   12659,    9108,    1855,       0,       0,       0,       0
    3894,    3081,    2119,    3006,    2225,       0,     583,       0,       0,       0,       0,       0
    1392,       0,       0,     161,       0,     366,    1350,    1392,       0,       0,       0,       0
  181878,  156700,  158047,  119259,   81125,   42148,   22583,   14865,       0,       0,       0,       0
  202876,  183203,  139251,  115243,   92111,   54191,   41297,   15266,       0,       0,       0,       0
  162035,  162035,  143631,  144043,  146161,  126084,   96130,   38867,       0,       0,       0,       0
   90843,   86907,   79015,   82572,   76735,   72436,   54512,   35483,       0,       0,       0,       0
   37728,   37728,   29984,   32806,   34132,   31411,   23137,   13603,       0,       0,       0,       0
   29294,   29294,   10648,   13202,   14805,   11715,    9593,    1634,       0,       0,       0,       0
    3694,    2665,    1973,    2700,    2740,       0,     474,       0,       0,       0,       0,       0
    1653,      19,      27,     547,     221,     444,    1603,    1653,       0,       0,       0,       0
  181737,  157488,  155921,  118545,   79725,   42954,   21648,   14152,       0,       0,       0,       0
  201828,  177551,  141339,  116134,   92102,   54903,   42241,   14713,       0,       0,       0,       0
  162896,  162896,  142835,  144207,  146266,  124837,   94585,   39906,       0,       0,       0,       0
   88745,   85195,   79131,   83085,   76536,   71528,   55691,   36001,       0,       0,       0,       0
   38316,   37649,   30530,   31987,   34408,   31951,   23259,   13708,       0,       0,       0,       0
   28948,   28948,   11142,   13651,   13715,   12061,    9421,    1004,       0,       0,       0,       0
    3563,    2868,    2315,    2836,    2145,       0,     677,       0,       0,       0,       0,       0
    1094,     687,     148,    1094,     499,     403,     982,     875,       0,       0,       0,       0
  182921,  157285,  154950,  120175,   80794,   42444,   22575,   14344,       0,       0,       0,       0
  205010,  183667,  140846,  116259,   91703,   55287,   42289,   14361,       0,       0,       0,       0
  161130,  161130,  143859,  143495,  144785,  126318,   95364,   38972,       0,       0,       0,       0
   89515,   85195,   79621,   82337,   77671,   73974,   57088,   36368,       0,       0,       0,       0
   38099,   38033,   29351,   32175,   35049,   30956,   24611,   14129,       0,       0,       0,       0
   28737,   28737,   11541,   12720,   13797,   13773,    9755,    1433,       0,       0,       0,       0
    3765,    3246,    2316,    1885,    2705,       0,     991,       0,       0,       0,       0,       0
    1582,     410,     568,     489,     345,     651,    1582,     755,       0,       0,       0,       0
  183526,  158503,  155271,  122534,   79885,   42163,   23343,   14898,       0,       0,       0,       0
  206774,  183685,  139418,  115700,   91409,   53698,   42472,   15637,       0,       0,       0,       0
  158655,  158655,  141411,  144261,  146561,  123969,   93525,   39883,       0,       0,       0,       0
   88574,   84046,   78470,   82459,   77925,   71178,   55940,   36585,       0,       0,       0,       0
   38140,   38140,   29560,   32677,   34063,   30492,   23414,   14272,       0,       0,       0,       0
   27510,   27510,   10548,   13659,   13238,   12110,    9390,    1532,       0,       0,       0,       0
    3900,    2672,    1029,    2870,    2195,       0,     527,       0,       0,       0,       0,       0
    1549,      63,      70,     654,     582,      72,    1549,    1374,       0,       0,       0,       0
  183573,  163054,  157259,  122656,   81579,   42872,   21370,   15483,       0,       0,       0,       0
  208614,  183761,  142771,  114796,   91803,   55283,   41406,   14444,       0,       0,       0,       0
  162784,  162784,  144202,  144060,  145177,  126992,   96071,   40300,       0,       0,       0,       0
   87895,   82785,   79019,   83845,   76769,   72909,   55683,   36683,       0,       0,       0,       0
   37708,   37472,   29387,   31570,   33843,   31049,   23269,   14515,       0,       0,       0,       0
   26465,   26465,   11724,   13287,   13160,   12105,    9059,    1583,       0,       0,       0,       0
    3526,    2594,    1890,    2464,    1741,       0,     510,       0,       0,       0,       0,       0
     840,       0,       0,     840,     616,     569,     811,     728,       0,       0,       0,       0
  186637,  164203,  156564,  123892,   80556,   42759,   22391,   14793,       0,       0,       0,       0
  211186,  187452,  143102,  117265,   92294,   56847,   41529,   15556,       0,       0,       0,       0
  163860,  163860,  142451,  144364,  145981,  124773,   95700,   39640,       0,       0,       0,       0
   89198,   83633,   79226,   83453,   76419,   73604,   56216,   36749,       0,       0,       0,       0
   38347,   38070,   30419,   33135,   33563,   30285,   22859,   14366,       0,       0,       0,       0
   25616,   25616,   11635,   14246,   13568,   11956,    8683,    1507,       0,       0,       0,       0
    4037,    4013,    2184,    2772,    2244,       0,       0,       0,       0,       0,       0,       0
    1170,     627,     475,     886,     192,     851,    1170,     494,       0,       0,       0,       0
  186215,  165388,  158053,  122869,   81324,   42370,   21941,   15377,       0,       0,       0,       0
  209934,  186872,  141685,  116545,   93468,   56830,   42677,   16003,       0,       0,       0,       0
  164733,  164733,  143092,  145309,  143984,  126407,   96156,   39757,       0,       0,       0,       0
   88754,   84338,   78399,   82307,   78304,   72266,   57235,   37326,       0,       0,       0,       0
   38376,   38367,   30476,   31854,   34457,   31769,   23946,   15050,       0,       0,       0,       0
   25411,   25411,   11473,   14248,   14026,   12743,    9594,    1549,       0,       0,       0,       0
    3499,    3499,    1942,    3243,    2661,       0,     384,       0,       0,       0,       0,       0
    1394,     429,     418,     945,     472,     736,     974,    1394,       0,       0,       0,       0
  187439,  164671,  161181,  121143,   81534,   41980,   22716,   14647,       0,       0,       0,       0
  209979,  183853,  140238,  116423,   92610,   55646,   43678,   14674,       0,       0,       0,       0
  162828,  162828,  143209,  141982,  143512,  124847,   96642,   40830,       0,       0,       0,       0
   89326,   84663,   79538,   81271,   76128,   73709,   57716,   37732,       0,       0,       0,       0
   37567,   37567,   31061,   31285,   33952,   30684,   23821,   14496,       0,       0,       0,       0
   25894,   25894,   11557,   13049,   13251,   11230,    9398,    1446,       0,       0,       0,       0
    3468,    2689,    2352,    2345,    1934,       0,     459,       0,       0,       0,       0,       0
    1520,       0,     843,     193,     202,      45,    1520,    1395,       0,       0,       0,       0
  186743,  164204,  160339,  124919,   81547,   44342,   23218,   15256,       0,       0,       0,       0
  210926,  183198,  140579,  117324,   92839,   56668,   43997,   14681,       0,       0,       0,       0
  164324,  164324,  141035,  143052,  147046,  125308,   96438,   41248,       0,       0,       0,       0
   88791,   84535,   79751,   83441,   76914,   73838,   56585,   37869,       0,       0,       0,       0
   37237,   36550,   30374,   31840,   33978,   31882,   23164,   15305,       0,       0,       0,       0
   25904,   25904,   11291,   13656,   13627,   12802,   10205,     873,       0,       0,       0,       0
    3045,    2455,    2060,    2835,    1668,       0,    1182,       0,       0,       0,       0,       0
    1541,       0,     186,     417,     636,    1097,    1541,    1233,       0,       0,       0,       0
  190295,  163732,  162950,  125942,   82230,   43709,   22738,   15812,       0,       0,       0,       0
  211723,  181507,  143058,  118122,   93382,   55255,   44118,   15003,       0,       0,       0,       0
  164279,  164279,  142323,  143478,  143981,  126975,   96091,   41403,       0,       0,       0,       0
   90435,   85758,   78444,   82827,   77545,   72066,   57990,   38547,       0,       0,       0,       0
   37803,   37803,   29706,   32101,   33549,   30554,   23412,   14827,       0,       0,       0,       0
   27336,   27336,   11731,   14063,   13202,   12136,    9260,    1033,       0,       0,       0,       0
    2744,    2744,    1830,    2540,    1861,       0,     209,       0,       0,       0,       0,       0
    1225,      67,       0,     142,     369,    1021,    1030,    1225,       0,       0,       0,       0
  188974,  165310,  163796,  125317,   81309,   44547,   22583,   15793,       0,       0,       0,       0
  209293,  177361,  143055,  117428,   93878,   56597,   43300,   15837,       0,       0,       0,       0
  160870,  160870,  143478,  144069,  144853,  126286,   97394,   41571,       0,       0,       0,       0
   90615,   87770,   79769,   82244,   76931,   73073,   56423,   38256,       0,       0,       0,       0
   36728,   36123,   30724,   31798,   33800,   32235,   24072,   14706,       0,       0,       0,       0
   28881,   28881,   11896,   13536,   13739,   12147,    9836,    2172,       0,       0,       0,       0
    3446,    1755,    2577,    2302,    1888,       0,    1302,       0,       0,       0,       0,       0
    1563,      14,     248,     192,       0,     724,    1563,    1090,       0,       0,       0,       0
  189399,  161667,  164606,  125361,   83051,   43903,   23299,   14801,       0,       0,       0,       0
  209069,  178432,  144626,  118279,   94324,   57501,   43578,   15718,       0,       0,       0,       0
  160976,  160976,  143111,  143773,  145964,  128539,   96100,   41582,       0,       0,       0,       0
   89491,   89059,   78863,   83146,   77151,   73209,   56839,   38558,       0,       0,       0,       0
   37015,   37015,   30312,   33103,   34040,   31305,   24423,   14992,       0,       0,       0,       0
   29117,   29117,   11360,   14452,   13880,   12122,    9218,    1487,       0,       0,       0,       0
    3245,    2839,    2033,    3245,    2815,       0,     714,       0,       0,       0,       0,       0
    1298,       0,     443,     775,     836,     351,    1017,    1298,       0,       0,       0,       0
  189872,  164391,  164222,  123250,   81724,   44569,   25305,   15243,       0,       0,       0,       0
  207165,  177595,  141932,  116863,   93081,   56503,   44335,   15608,       0,       0,       0,       0
  158637,  158637,  140633,  143317,  147482,  127987,   96766,   40825,       0,       0,       0,       0
   88160,   88160,   78570,   81962,   77254,   72676,   58049,   39192,       0,       0,       0,       0
   37173,   37173,   30039,   31797,   34321,   32797,   24610,   15197,       0,       0,       0,       0
   27810,   27810,   10293,   13579,   13892,   12496,   10060,    1707,       0,       0,       0,       0
    2750,    2513,    1199,    1835,    2120,       0,     776,       0,       0,       0,       0,       0
    1409,       0,       0,     302,     260,     757,    1409,     998,       0,       0,       0,       0
  189209,  165930,  161867,  125053,   83103,   45098,   24139,   15545,       0,       0,       0,       0
  204732,  180878,  144042,  117688,   94383,   56790,   44615,   14962,       0,       0,       0,       0
  158768,  157255,  143029,  143616,  145384,  126147,   96805,   43054,       0,       0,       0,       0
   89590,   86417,   77691,   81281,   76276,   72027,   58212,   38822,       0,       0,       0,       0
   37176,   37176,   30080,   31382,   34343,   32551,   24821,   15742,       0,       0,       0,       0
   25158,   25158,   10500,   14164,   13481,   12130,   10064,    1577,       0,       0,       0,       0
    2838,    2372,    2331,    2726,    1128,       0,     839,       0,       0,       0,       0,       0
    1584,       0,       0,     451,       0,     563,    1584,    1412,       0,       0,       0,       0
  189146,  167196,  164953,  125556,   83354,   45244,   23739,   15821,       0,       0,       0,       0
  206350,  183049,  143041,  118117,   92750,   58248,   44585,   16248,       0,       0,       0,       0
  158352,  158352,  140291,  140776,  146973,  127467,   97523,   42366,       0,       0,       0,       0
   88595,   84109,   77028,   81202,   77395,   73736,   57587,   38119,       0,       0,       0,       0
   38040,   38040,   30229,   31338,   34770,   31899,   24238,   15396,       0,       0,       0,       0
   23467,   23467,   10886,   13036,   14027,   12745,    9328,    1538,       0,       0,       0,       0
    3029,    3029,    1509,    2058,    2539,       0,     218,       0,       0,       0,       0,       0
     948,       0,       0,     310,     935,     499,     948,     864,       0,       0,       0,       0
  188780,  166700,  163549,  126994,   82958,   45475,   22736,   16446,       0,       0,       0,       0
  205456,  188274,  144256,  118693,   93789,   57472,   42729,   16106,       0,       0,       0,       0
  161103,  161103,  142570,  143527,  145826,  125867,   97202,   42704,       0,       0,       0,       0
   87850,   83071,   78572,   82072,   77538,   74353,   58353,   40404,       0,       0,       0,       0
   38223,   38223,   30180,   31476,   33164,   32584,   23521,   15437,       0,       0,       0,       0
   23456,   23456,   11442,   13331,   14049,   11277,    9365,    2686,       0,       0,       0,       0
    3203,    3203,    1639,    2502,    2543,       0,     323,       0,       0,       0,       0,       0
    1706,       0,     134,     583,       0,     675,     878,    1706,       0,       0,       0,       0
  189426,  166624,  166449,  126048,   83948,   46084,   23526,   15704,       0,       0,       0,       0
  205219,  190237,  144155,  120291,   95495,   58532,   44283,   15784,       0,       0,       0,       0
  162466,  162466,  143150,  143228,  144887,  128658,   95258,   41878,       0,       0,       0,       0
   88929,   84384,   78584,   83171,   77798,   74489,   58479,   39091,       0,       0,       0,       0
   37868,   37525,   28314,   31165,   35069,   31852,   24257,   15627,       0,       0,       0,       0
   24218,   24218,   11080,   13149,   14766,   12317,    9473,    1101,       0,       0,       0,       0
    3847,    3049,    1751,    1311,    3063,       0,       0,       0,       0,       0,       0,       0
    1089,     826,     123,     297,     916,     462,    1089,     956,       0,       0,       0,       0
